congress,chamber,icpsr,state_icpsr,district_code,state_abbrev,party_code,occupancy,last_means,bioname,bioguide_id,born,died,nominate_dim1,nominate_dim2,nominate_log_likelihood,nominate_geo_mean_probability,nominate_number_of_votes,nominate_number_of_errors,conditional,nokken_poole_dim1,nokken_poole_dim2
116,House,20301,41,3,AL,200,,,"ROGERS, Mike Dennis",R000575,1958,,0.352,0.457,-133.18754,0.74908,461,56,,0.538,0.342
116,House,21102,41,7,AL,100,,,"SEWELL, Terri",S001185,1965,,-0.39,0.401,-22.1337,0.95503,481,9,,-0.408,0.356
116,House,21192,41,2,AL,200,,,"ROBY, Martha",R000591,1976,,0.361,0.658,-75.92635,0.84905,464,26,,0.333,0.708
116,House,21193,41,5,AL,200,,,"BROOKS, Mo",B001274,1954,,0.644,-0.455,-102.63823,0.80676,478,39,,0.784,-0.426
116,House,21376,41,1,AL,200,,,"BYRNE, Bradley",B001289,1955,,0.606,0.249,-90.22778,0.826,472,33,,0.709,0.127
116,House,21500,41,6,AL,200,,,"PALMER, Gary James",P000609,1954,,0.717,-0.049,-77.28439,0.85185,482,33,,0.669,0.114
116,House,29701,41,4,AL,200,,,"ADERHOLT, Robert",A000055,1965,,0.365,0.596,-82.92484,0.83981,475,30,,0.406,0.914
116,House,14066,81,1,AK,200,,,"YOUNG, Donald Edwin",Y000033,1933,,0.284,0.023,-140.39687,0.73891,464,48,,0.359,0.162
116,House,20305,61,3,AZ,100,,,"GRIJALVA, Raúl M.",G000551,1948,,-0.599,-0.249,-10.76503,0.97707,464,6,,-0.644,-0.461
116,House,20902,61,2,AZ,100,,,"KIRKPATRICK, Ann",K000368,1950,,-0.161,-0.007,-35.88117,0.92385,453,17,,-0.37,0.482
116,House,21103,61,4,AZ,200,,,"GOSAR, Paul",G000565,1958,,0.67,-0.405,-91.4494,0.82454,474,37,,0.919,-0.395
116,House,21105,61,6,AZ,200,,,"SCHWEIKERT, David",S001183,1962,,0.595,-0.335,-161.37824,0.71547,482,79,,0.519,-0.338
116,House,21502,61,7,AZ,100,,,"GALLEGO, Ruben",G000574,1979,,-0.451,-0.022,-14.69768,0.96978,479,8,,-0.425,-0.03
116,House,21705,61,5,AZ,200,,,"BIGGS, Andrew S.",B001302,1958,,0.88,-0.475,-72.47545,0.85738,471,24,,0.919,-0.395
116,House,21739,61,1,AZ,100,,,"O'HALLERAN, Thomas C.",O000171,1946,,-0.18,0.151,-30.61901,0.93833,481,12,,-0.331,0.467
116,House,21757,61,8,AZ,200,,,"LESKO, Debbie",L000589,1958,,0.603,-0.042,-75.42631,0.85542,483,36,,0.587,0.014
116,House,21968,61,9,AZ,100,,,"STANTON, Greg",S001211,1970,,-0.305,-0.158,-10.82868,0.97783,483,3,,-0.305,-0.158
116,House,21106,42,1,AR,200,,,"CRAWFORD, Rick",C001087,1966,,0.401,0.495,-57.64892,0.87925,448,27,,0.476,0.625
116,House,21108,42,3,AR,200,,,"WOMACK, Steve",W000809,1957,,0.348,0.584,-40.7116,0.91917,483,19,,0.343,0.703
116,House,21503,42,2,AR,200,,,"HILL, French",H001072,1956,,0.455,0.233,-55.99868,0.88988,480,20,,0.41,0.414
116,House,21563,42,4,AR,200,,,"WESTERMAN, Bruce Eugene",W000821,1967,,0.548,0.358,-53.53846,0.89277,472,19,,0.539,0.657
116,House,15448,71,12,CA,100,,,"PELOSI, Nancy",P000197,1940,,-0.49,-0.206,-0.13411,0.99554,30,0,,-0.464,0.334
116,House,20104,71,28,CA,100,,,"SCHIFF, Adam",S001150,1960,,-0.349,-0.13,-9.19009,0.98111,482,2,,-0.441,-0.038
116,House,20108,71,53,CA,100,,,"DAVIS, Susan A.",D000598,1944,,-0.343,-0.108,-8.26481,0.98286,478,1,,-0.363,-0.139
116,House,20307,71,22,CA,200,,,"NUNES, Devin",N000181,1973,,0.448,0.212,-54.00985,0.89337,479,19,,0.443,0.461
116,House,20310,71,38,CA,100,,,"SÁNCHEZ, Linda T.",S001156,1969,,-0.508,-0.139,-8.90947,0.98102,465,4,,-0.518,-0.077
116,House,20501,71,16,CA,100,,,"COSTA, Jim",C001059,1952,,-0.19,0.47,-68.63994,0.86624,478,27,,-0.408,0.913
116,House,20538,71,6,CA,100,,,"MATSUI, Doris",M001163,1944,,-0.434,-0.166,-20.91189,0.95702,476,7,,-0.405,0.093
116,House,20702,71,9,CA,100,,,"McNERNEY, Jerry",M001166,1951,,-0.261,-0.15,-12.48848,0.97327,461,4,,-0.463,-0.122
116,House,20703,71,23,CA,200,,,"MCCARTHY, Kevin",M001165,1965,,0.458,0.208,-71.99685,0.85881,473,33,,0.412,0.387
116,House,20762,71,14,CA,100,,,"SPEIER, Karen Lorraine Jacqueline (Jackie)",S001175,1950,,-0.382,-0.455,-28.32823,0.94127,468,6,,-0.306,-0.336
116,House,20903,71,4,CA,200,,,"McCLINTOCK, Tom",M001177,1956,,0.721,-0.484,-132.23523,0.75876,479,76,,0.633,-0.368
116,House,20955,71,27,CA,100,,,"CHU, Judy",C001080,1953,,-0.487,-0.373,-8.91302,0.98164,481,3,,-0.401,-0.358
116,House,20958,71,3,CA,100,,,"GARAMENDI, John",G000559,1945,,-0.308,-0.097,-25.06282,0.94818,471,6,,-0.279,-0.125
116,House,20963,71,50,CA,200,,,"HUNTER, Duncan Duane",H001048,1976,,0.538,0.089,-111.00971,0.79391,481,52,,0.64,-0.092
116,House,21110,71,37,CA,100,,,"BASS, Karen",B001270,1953,,-0.584,-0.101,-11.40347,0.97514,453,4,,-0.499,-0.477
116,House,21302,71,1,CA,200,,,"LaMALFA, Doug",L000578,1960,,0.536,0.108,-67.0764,0.86647,468,27,,0.504,0.194
116,House,21303,71,2,CA,100,,,"HUFFMAN, Jared",H001068,1964,,-0.426,-0.536,-17.09126,0.96429,470,5,,-0.364,-0.553
116,House,21304,71,7,CA,100,,,"BERA, Ami",B001287,1965,,-0.23,0.012,-23.29765,0.95281,482,11,,-0.36,0.346
116,House,21305,71,8,CA,200,,,"COOK, Paul",C001094,1943,,0.384,0.213,-64.75192,0.87231,474,26,,0.347,0.434
116,House,21306,71,15,CA,100,,,"SWALWELL, Eric",S001193,1980,,-0.366,-0.114,-12.42474,0.95943,300,5,,-0.547,0.159
116,House,21308,71,26,CA,100,,,"BROWNLEY, Julia",B001285,1952,,-0.285,0.05,-26.28125,0.94672,480,12,,-0.38,0.242
116,House,21309,71,29,CA,100,,,"CÁRDENAS, Tony",C001097,1963,,-0.382,0.023,-19.10717,0.95896,456,9,,-0.523,0.153
116,House,21311,71,36,CA,100,,,"RUIZ, Raul",R000599,1972,,-0.241,0.061,-33.79866,0.93242,483,15,,-0.418,0.322
116,House,21312,71,41,CA,100,,,"TAKANO, Mark",T000472,1960,,-0.463,-0.26,-10.78679,0.97787,482,4,,-0.369,-0.384
116,House,21313,71,47,CA,100,,,"LOWENTHAL, Alan",L000579,1941,,-0.45,-0.361,-8.57993,0.98239,483,1,,-0.483,-0.415
116,House,21314,71,51,CA,100,,,"VARGAS, Juan",V000130,1961,,-0.399,0.107,-20.62982,0.95697,469,7,,-0.551,-0.326
116,House,21315,71,52,CA,100,,,"PETERS, Scott",P000608,1958,,-0.178,-0.049,-40.82858,0.91797,477,19,,-0.243,0.297
116,House,21504,71,11,CA,100,,,"DESAULNIER, Mark James",D000623,1952,,-0.529,-0.348,-6.78906,0.98601,482,1,,-0.436,-0.454
116,House,21506,71,31,CA,100,,,"AGUILAR, Peter Rey",A000371,1979,,-0.288,0.13,-38.56165,0.92311,482,15,,-0.465,0.389
116,House,21507,71,33,CA,100,,,"LIEU, Ted",L000582,1969,,-0.367,-0.257,-9.06718,0.98129,480,1,,-0.569,-0.23
116,House,21508,71,35,CA,100,,,"TORRES, Norma Judith",T000474,1965,,-0.363,0.031,-20.24657,0.95819,474,7,,-0.55,0.22
116,House,21703,71,44,CA,100,,,"BARRAGÁN, Nanette Diaz",B001300,1976,,-0.514,0.09,-9.39698,0.98065,481,4,,-0.547,-0.329
116,House,21709,71,24,CA,100,,,"CARBAJAL, Salud",C001112,1964,,-0.298,0.139,-13.79616,0.97184,483,3,,-0.369,-0.008
116,House,21711,71,46,CA,100,,,"CORREA, Jose Luis",C001110,1958,,-0.279,0.335,-34.03088,0.9303,471,18,,-0.387,0.378
116,House,21728,71,17,CA,100,,,"KHANNA, Rohit",K000389,1976,,-0.594,-0.156,-17.57834,0.96411,481,4,,-0.32,-0.48
116,House,21740,71,20,CA,100,,,"PANETTA, James Varni",P000613,1969,,-0.303,0.041,-31.02255,0.93779,483,13,,-0.28,0.244
116,House,21754,71,34,CA,100,,,"GOMEZ, Jimmy",G000585,1974,,-0.602,-0.022,-16.49364,0.96629,481,7,,-0.398,-0.434
116,House,21907,71,39,CA,100,,,"CISNEROS, Gil",C001123,1972,,-0.384,0.595,-39.07312,0.92213,482,14,,-0.384,0.595
116,House,21909,71,21,CA,100,,,"COX, TJ",C001124,1963,,-0.355,0.416,-25.14876,0.94896,480,8,,-0.355,0.416
116,House,21930,71,10,CA,100,,,"HARDER, Josh",H001090,1986,,-0.384,0.818,-51.435,0.89798,478,14,,-0.384,0.818
116,House,21932,71,25,CA,100,,,"HILL, Katie",H001087,1987,,-0.305,0.113,-20.21065,0.95877,480,8,,-0.305,0.113
116,House,21939,71,49,CA,100,,,"LEVIN, Mike",L000593,1978,,-0.399,0.106,-14.23133,0.97097,483,3,,-0.399,0.106
116,House,21954,71,45,CA,100,,,"PORTER, Katie",P000618,1974,,-0.238,0.223,-55.5334,0.89032,478,24,,-0.238,0.223
116,House,21960,71,48,CA,100,,,"ROUDA, Harley",R000616,1961,,-0.372,0.623,-27.87474,0.94265,472,7,,-0.372,0.623
116,House,29106,71,43,CA,100,,,"WATERS, Maxine",W000187,1938,,-0.653,-0.073,-48.59297,0.90372,480,14,,-0.552,0.521
116,House,29312,71,18,CA,100,,,"ESHOO, Anna Georges",E000215,1942,,-0.381,-0.428,-8.25675,0.98266,472,4,,-0.409,-0.155
116,House,29317,71,40,CA,100,,,"ROYBAL-ALLARD, Lucille",R000486,1941,,-0.471,-0.191,-5.28156,0.98901,478,1,,-0.495,-0.256
116,House,29323,71,42,CA,200,,,"CALVERT, Ken",C000059,1953,,0.349,0.219,-53.10918,0.89526,480,19,,0.316,0.719
116,House,29504,71,19,CA,100,,,"LOFGREN, Zoe",L000397,1947,,-0.402,-0.446,-21.52131,0.95606,479,7,,-0.628,-0.395
116,House,29707,71,30,CA,100,,,"SHERMAN, Brad",S000344,1954,,-0.342,-0.148,-13.63948,0.97152,472,8,,-0.4,0.015
116,House,29778,71,13,CA,100,,,"LEE, Barbara",L000551,1946,,-0.683,-0.587,-16.25108,0.96657,478,6,,-0.473,-0.827
116,House,29901,71,5,CA,100,,,"THOMPSON, Michael",T000460,1951,,-0.396,0.063,-31.10318,0.93763,483,16,,-0.466,0.505
116,House,29903,71,32,CA,100,,,"NAPOLITANO, Grace Flores",N000179,1936,,-0.448,-0.249,-10.66629,0.97807,481,4,,-0.421,-0.372
116,House,20704,62,5,CO,200,,,"LAMBORN, Doug",L000564,1954,,0.68,0.194,-54.97576,0.89027,473,22,,0.626,0.292
116,House,20705,62,7,CO,100,,,"PERLMUTTER, Ed",P000593,1953,,-0.281,0.076,-23.4742,0.9485,444,9,,-0.246,-0.137
116,House,21111,62,3,CO,200,,,"TIPTON, Scott",T000470,1956,,0.449,-0.021,-85.85786,0.83684,482,34,,0.43,0.044
116,House,21510,62,4,CO,200,,,"BUCK, Kenneth Robert",B001297,1959,,0.751,-0.461,-79.23325,0.81825,395,34,,0.718,-0.386
116,House,21912,62,6,CO,100,,,"CROW, Jason",C001121,1979,,-0.247,0.373,-36.28945,0.92762,483,13,,-0.247,0.373
116,House,21948,62,2,CO,100,,,"NEGUSE, Joseph",N000191,1984,,-0.428,-0.555,-7.67004,0.98421,482,2,,-0.428,-0.555
116,House,29710,62,1,CO,100,,,"DeGETTE, Diana",D000197,1957,,-0.432,-0.313,-9.33049,0.98083,482,3,,-0.49,-0.338
116,House,20706,1,2,CT,100,,,"COURTNEY, Joe",C001069,1953,,-0.344,0.015,-15.76647,0.96782,482,3,,-0.37,-0.079
116,House,20907,1,4,CT,100,,,"HIMES, James A.",H001047,1966,,-0.241,-0.245,-31.92626,0.9346,472,12,,-0.288,0.064
116,House,21931,1,5,CT,100,,,"HAYES, Jahana",H001081,1973,,-0.319,-0.134,-15.30269,0.96678,453,3,,-0.319,-0.134
116,House,29109,1,3,CT,100,,,"DeLAURO, Rosa L.",D000216,1943,,-0.416,-0.121,-11.81232,0.97459,459,4,,-0.382,-0.152
116,House,29908,1,1,CT,100,,,"LARSON, John B.",L000557,1948,,-0.398,-0.055,-10.0987,0.97914,479,4,,-0.345,-0.081
116,House,21706,11,1,DE,100,,,"BLUNT ROCHESTER, Lisa",B001303,1962,,-0.326,-0.134,-10.90242,0.97763,482,3,,-0.373,-0.289
116,House,20316,43,25,FL,200,,,"DIAZ-BALART, Mario",D000600,1961,,0.277,0.114,-100.47572,0.81042,478,43,,0.265,0.232
116,House,20504,43,23,FL,100,,,"WASSERMAN SCHULTZ, Debbie",W000797,1966,,-0.422,0.067,-20.76748,0.95722,475,5,,-0.34,0.053
116,House,20708,43,14,FL,100,,,"CASTOR, Kathy",C001066,1966,,-0.438,0.045,-10.69063,0.97797,480,2,,-0.402,-0.158
116,House,20709,43,16,FL,200,,,"BUCHANAN, Vernon G.",B001260,1951,,0.36,-0.142,-103.70398,0.80423,476,48,,0.361,-0.072
116,House,20758,43,12,FL,200,,,"BILIRAKIS, Gus",B001257,1963,,0.405,0.011,-95.86861,0.81758,476,48,,0.421,-0.092
116,House,20909,43,8,FL,200,,,"POSEY, Bill",P000599,1947,,0.522,-0.322,-120.68722,0.77354,470,58,,0.552,-0.344
116,House,20959,43,22,FL,100,,,"DEUTCH, Theodore E. (Ted)",D000610,1966,,-0.401,-0.102,-9.55818,0.97978,468,4,,-0.423,-0.06
116,House,21116,43,11,FL,200,,,"WEBSTER, Daniel A.",W000806,1949,,0.509,-0.041,-117.81457,0.77703,467,63,,0.586,-0.195
116,House,21118,43,24,FL,100,,,"WILSON, Frederica",W000808,1942,,-0.476,-0.018,-6.93403,0.98374,423,3,,-0.571,-0.099
116,House,21317,43,3,FL,200,,,"YOHO, Ted",Y000065,1955,,0.707,-0.368,-94.00658,0.80645,437,39,,0.726,-0.335
116,House,21321,43,21,FL,100,,,"FRANKEL, Lois",F000462,1948,,-0.401,-0.093,-11.43194,0.97464,445,8,,-0.327,-0.174
116,House,21712,43,13,FL,100,,,"CRIST, Charlie Joseph Jr.",C001111,1956,,-0.215,0.015,-25.67143,0.94813,482,13,,-0.262,0.208
116,House,21713,43,10,FL,100,,,"DEMINGS, Valdez Butler",D000627,1957,,-0.338,-0.159,-18.08635,0.9631,481,8,,-0.287,0.008
116,House,21714,43,2,FL,200,,,"DUNN, Neal Patrick",D000628,1953,,0.542,0.161,-102.20859,0.80567,473,48,,0.561,0.05
116,House,21719,43,1,FL,200,,,"GAETZ, Matthew L. II",G000578,1982,,0.624,-0.552,-141.5818,0.72164,434,67,,0.59,-0.608
116,House,21732,43,5,FL,100,,,"LAWSON, Alfred Jr.",L000586,1948,,-0.255,0.092,-22.17657,0.9541,472,11,,-0.265,0.143
116,House,21735,43,18,FL,200,,,"MAST, Brian Jeffery",M001199,1980,,0.399,-0.256,-136.54218,0.73977,453,52,,0.44,-0.326
116,House,21738,43,7,FL,100,,,"MURPHY, Stephanie",M001202,1978,,-0.157,0.051,-48.34022,0.90476,483,21,,-0.192,0.228
116,House,21742,43,19,FL,200,,,"ROONEY, Francis",R000607,1953,,0.526,-0.504,-202.63073,0.58086,373,104,,0.514,-0.668
116,House,21744,43,4,FL,200,,,"RUTHERFORD, John Henry",R000609,1952,,0.397,0.159,-123.37266,0.76564,462,49,,0.441,-0.074
116,House,21746,43,9,FL,100,,,"SOTO, Darren Michael",S001200,1978,,-0.381,0.117,-13.50619,0.97208,477,5,,-0.358,-0.114
116,House,21947,43,26,FL,100,,,"MUCARSEL-POWELL, Debbie",M001207,1971,,-0.349,0.246,-26.23699,0.94691,481,15,,-0.349,0.246
116,House,21963,43,27,FL,100,,,"SHALALA, Donna",S001206,1941,,-0.358,-0.127,-10.75638,0.97793,482,4,,-0.358,-0.127
116,House,21967,43,15,FL,200,,,"SPANO, Ross",S001210,1966,,0.453,-0.029,-80.40008,0.84578,480,25,,0.453,-0.03
116,House,21971,43,17,FL,200,,,"STEUBE, William",S001214,1978,,0.654,-0.298,-92.49793,0.82101,469,40,,0.654,-0.299
116,House,21981,43,6,FL,200,,,"WALTZ, Michael",W000823,1974,,0.402,-0.165,-87.97301,0.82243,450,42,,0.402,-0.167
116,House,29337,43,20,FL,100,,,"HASTINGS, Alcee Lamar",H000324,1936,,-0.564,0.158,-11.48426,0.96244,300,3,,-0.607,0.387
116,House,15431,44,5,GA,100,,,"LEWIS, John R.",L000287,1940,,-0.589,-0.223,-8.62771,0.98226,482,4,,-0.46,-0.178
116,House,20321,44,13,GA,100,,,"SCOTT, David",S001157,1945,,-0.301,0.163,-18.9253,0.96142,481,4,,-0.415,0.125
116,House,20712,44,4,GA,100,,,"JOHNSON, Hank",J000288,1954,,-0.468,0.01,-13.31054,0.97254,478,6,,-0.389,-0.345
116,House,20962,44,14,GA,200,,,"GRAVES, Tom",G000560,1970,,0.729,-0.018,-73.36521,0.85826,480,23,,0.696,0.095
116,House,21122,44,7,GA,200,,,"WOODALL, Rob",W000810,1970,,0.604,-0.214,-104.64496,0.80338,478,46,,0.512,-0.005
116,House,21123,44,8,GA,200,,,"SCOTT, Austin",S001189,1969,,0.572,0.17,-75.37771,0.85523,482,28,,0.576,0.2
116,House,21323,44,9,GA,200,,,"COLLINS, Doug",C001093,1966,,0.617,0.108,-59.79892,0.87981,467,28,,0.609,0.275
116,House,21513,44,1,GA,200,,,"CARTER, Buddy",C001103,1957,,0.587,0.275,-66.91962,0.86987,480,25,,0.612,0.158
116,House,21514,44,10,GA,200,,,"HICE, Jody Brownlow",H001071,1960,,0.784,-0.082,-55.28084,0.89079,478,24,,0.852,0.047
116,House,21515,44,11,GA,200,,,"LOUDERMILK, Barry D.",L000583,1963,,0.688,-0.015,-57.2052,0.88471,467,22,,0.717,0.195
116,House,21516,44,12,GA,200,,,"ALLEN, Rick W.",A000372,1951,,0.672,0.313,-68.47609,0.86782,483,28,,0.764,0.431
116,House,21717,44,3,GA,200,,,"FERGUSON, Anderson Drew IV",F000465,1967,,0.617,0.168,-78.03041,0.85054,482,30,,0.663,0.209
116,House,21944,44,6,GA,100,,,"McBATH, Lucy",M001208,1960,,-0.237,0.285,-35.48165,0.92903,482,11,,-0.237,0.285
116,House,29339,44,2,GA,100,,,"BISHOP, Sanford Dixon, Jr.",B000490,1947,,-0.282,0.465,-48.52075,0.9029,475,26,,-0.331,0.295
116,House,20322,82,1,HI,100,,,"CASE, Ed",C001055,1952,,-0.204,-0.14,-25.62624,0.94833,483,9,,-0.269,0.145
116,House,21324,82,2,HI,100,,,"GABBARD, Tulsi",G000571,1981,,-0.279,-0.25,-8.49799,0.97686,363,2,,-0.334,-0.59
116,House,21920,63,1,ID,200,,,"FULCHER, Russell",F000469,1973,,0.622,0.14,-62.93832,0.87615,476,28,,0.622,0.14
116,House,29910,63,2,ID,200,,,"SIMPSON, Michael K.",S001148,1950,,0.298,0.282,-123.62903,0.77168,477,48,,0.379,0.171
116,House,20508,21,3,IL,100,,,"LIPINSKI, Daniel",L000563,1966,,-0.23,0.178,-61.96684,0.87697,472,17,,-0.142,-0.021
116,House,20749,21,11,IL,100,,,"FOSTER, Bill",F000454,1955,,-0.227,-0.231,-16.87616,0.96524,477,3,,-0.393,-0.03
116,House,20954,21,5,IL,100,,,"QUIGLEY, Mike",Q000023,1958,,-0.32,-0.288,-13.37904,0.97199,471,4,,-0.362,-0.232
116,House,21128,21,16,IL,200,,,"KINZINGER, Adam",K000378,1978,,0.271,0.311,-96.1394,0.8114,460,42,,0.287,0.214
116,House,21326,21,10,IL,100,,,"SCHNEIDER, Brad",S001190,1961,,-0.168,-0.211,-19.13584,0.96092,480,4,,-0.27,-0.052
116,House,21328,21,13,IL,200,,,"DAVIS, Rodney",D000619,1970,,0.288,0.146,-72.66136,0.85534,465,22,,0.252,0.295
116,House,21329,21,17,IL,100,,,"BUSTOS, Cheri",B001286,1961,,-0.237,0.032,-17.21679,0.96498,483,5,,-0.312,0.187
116,House,21371,21,2,IL,100,,,"KELLY, Robin L.",K000385,1956,,-0.46,0.002,-18.4213,0.96258,483,9,,-0.437,0.162
116,House,21519,21,12,IL,200,,,"BOST, Mike",B001295,1960,,0.269,0.503,-51.12699,0.88057,402,21,,0.301,0.425
116,House,21562,21,18,IL,200,,,"LaHOOD, Darin",L000585,1968,,0.458,0.157,-60.06436,0.87979,469,21,,0.459,0.384
116,House,21730,21,8,IL,100,,,"KRISHNAMOORTHI, S. Raja",K000391,1973,,-0.31,-0.12,-28.26522,0.94281,480,13,,-0.317,0.146
116,House,21906,21,6,IL,100,,,"CASTEN, Sean",C001117,1971,,-0.308,0.071,-22.03117,0.95532,482,7,,-0.308,0.071
116,House,21921,21,4,IL,100,,,"GARCÍA, Jesús",G000586,1956,,-0.536,-0.451,-9.79661,0.97984,481,4,,-0.536,-0.451
116,House,21979,21,14,IL,100,,,"UNDERWOOD, Lauren",U000040,1986,,-0.557,0.612,-37.20215,0.92497,477,11,,-0.557,0.612
116,House,29346,21,1,IL,100,,,"RUSH, Bobby L.",R000515,1946,,-0.478,-0.202,-14.91586,0.96816,461,5,,-0.44,-0.161
116,House,29717,21,7,IL,100,,,"DAVIS, Danny K.",D000096,1941,,-0.486,-0.263,-7.24887,0.9847,470,1,,-0.521,-0.464
116,House,29718,21,15,IL,200,,,"SHIMKUS, John M.",S000364,1958,,0.373,0.146,-63.70573,0.87299,469,31,,0.398,0.232
116,House,29911,21,9,IL,100,,,"SCHAKOWSKY, Janice D.",S001145,1944,,-0.607,-0.267,-7.29938,0.98491,480,2,,-0.438,-0.525
116,House,15124,22,1,IN,100,,,"VISCLOSKY, Peter",V000108,1949,,-0.402,0.244,-12.16178,0.97493,479,1,,-0.358,0.039
116,House,20757,22,7,IN,100,,,"CARSON, André",C001072,1974,,-0.43,0.055,-26.98132,0.94534,480,10,,-0.541,0.176
116,House,21132,22,8,IN,200,,,"BUCSHON, Larry",B001275,1962,,0.404,0.243,-63.60378,0.87242,466,29,,0.461,0.242
116,House,21330,22,2,IN,200,,,"WALORSKI, Jackie",W000813,1963,,0.431,0.315,-61.43321,0.87624,465,27,,0.395,0.345
116,House,21331,22,5,IN,200,,,"BROOKS, Susan",B001284,1960,,0.362,0.212,-96.79068,0.81495,473,45,,0.347,0.098
116,House,21702,22,3,IN,200,,,"BANKS, James E.",B001299,1979,,0.639,-0.002,-75.91645,0.85455,483,38,,0.634,0.047
116,House,21725,22,9,IN,200,,,"HOLLINGSWORTH, Joseph Albert III",H001074,1983,,0.407,-0.246,-147.10645,0.73462,477,74,,0.38,-0.313
116,House,21903,22,4,IN,200,,,"BAIRD, James",B001307,1945,,0.405,0.599,-50.917,0.89955,481,21,,0.405,0.599
116,House,21952,22,6,IN,200,,,"PENCE, Gregory",P000615,1956,,0.417,0.574,-51.8878,0.89713,478,19,,0.417,0.573
116,House,20325,31,4,IA,200,,,"KING, Steve",K000362,1949,,0.609,0.21,-132.29848,0.75466,470,61,,0.559,-0.07
116,House,20720,31,2,IA,100,,,"LOEBSACK, Dave",L000565,1952,,-0.275,-0.032,-20.87152,0.95683,473,6,,-0.274,0.148
116,House,21902,31,3,IA,100,,,"AXNE, Cynthia",A000378,1965,,-0.226,0.592,-48.92178,0.90115,470,18,,-0.226,0.592
116,House,21918,31,1,IA,100,,,"FINKENAUER, Abby",F000467,1988,,-0.251,0.483,-42.15818,0.91625,482,24,,-0.251,0.483
116,House,21734,32,1,KS,200,,,"MARSHALL, Roger Wayne",M001198,1960,,0.524,0.2,-88.36103,0.82728,466,44,,0.537,0.186
116,House,21750,32,4,KS,200,,,"ESTES, Ron",E000298,1956,,0.596,0.092,-73.12191,0.85897,481,32,,0.613,0.081
116,House,21914,32,3,KS,100,,,"DAVIDS, Sharice",D000629,1980,,-0.225,0.205,-45.79825,0.90936,482,20,,-0.225,0.205
116,House,21982,32,2,KS,200,,,"WATKINS, Steve",W000824,1976,,0.558,0.056,-82.13446,0.84332,482,40,,0.558,0.056
116,House,14854,51,5,KY,200,,,"ROGERS, Harold Dallas (Hal)",R000395,1937,,0.335,0.106,-61.9722,0.87888,480,21,,0.321,0.747
116,House,20723,51,3,KY,100,,,"YARMUTH, John",Y000062,1947,,-0.378,-0.272,-15.56353,0.9679,477,5,,-0.386,-0.221
116,House,20916,51,2,KY,200,,,"GUTHRIE, Brett",G000558,1964,,0.416,0.267,-50.05057,0.90156,483,20,,0.417,0.535
116,House,21333,51,6,KY,200,,,"BARR, Garland H. (Andy) IV",B001282,1973,,0.496,0.276,-82.79601,0.84157,480,36,,0.517,0.148
116,House,21565,51,1,KY,200,,,"COMER, James",C001108,1972,,0.643,-0.059,-89.71523,0.82822,476,45,,0.658,-0.075
116,House,31102,51,4,KY,200,,,"MASSIE, Thomas",M001184,1971,,0.678,-0.735,-171.52257,0.69261,467,77,,0.919,-0.395
116,House,20759,45,1,LA,200,,,"SCALISE, Steve",S001176,1965,,0.564,0.149,-56.89437,0.88844,481,23,,0.587,0.49
116,House,21137,45,2,LA,100,,,"RICHMOND, Cedric",R000588,1973,,-0.482,0.326,-27.99351,0.9402,454,10,,-0.666,0.352
116,House,21522,45,5,LA,200,,,"ABRAHAM, Ralph",A000374,1954,,0.525,0.308,-34.25339,0.87745,262,15,,0.573,0.36
116,House,21523,45,6,LA,200,,,"GRAVES, Garret",G000577,1972,,0.466,-0.079,-89.39136,0.82813,474,34,,0.416,-0.036
116,House,21724,45,3,LA,200,,,"HIGGINS, Clay",H001077,1961,,0.563,-0.078,-96.69853,0.79565,423,44,,0.577,-0.172
116,House,21727,45,4,LA,200,,,"JOHNSON, Mike",J000299,1972,,0.556,-0.091,-82.88594,0.8304,446,33,,0.546,-0.013
116,House,20920,2,1,ME,100,,,"PINGREE, Chellie",P000597,1955,,-0.421,-0.404,-11.568,0.97599,476,4,,-0.461,-0.398
116,House,21923,2,2,ME,100,,,"GOLDEN, Jared",G000592,1982,,-0.177,0.568,-97.91834,0.8165,483,32,,-0.177,0.569
116,House,14873,52,5,MD,100,,,"HOYER, Steny Hamilton",H000874,1939,,-0.38,0.116,-12.24911,0.97422,469,3,,-0.404,0.144
116,House,20329,52,2,MD,100,,,"RUPPERSBERGER, C. A. (Dutch)",R000576,1946,,-0.295,0.133,-19.2654,0.96042,477,5,,-0.268,-0.094
116,House,20724,52,3,MD,100,,,"SARBANES, John",S001168,1962,,-0.468,-0.075,-11.93519,0.97549,481,5,,-0.373,-0.168
116,House,21139,52,1,MD,200,,,"HARRIS, Andy",H001052,1957,,0.649,-0.367,-97.79565,0.81322,473,40,,0.758,-0.446
116,House,21707,52,4,MD,100,,,"BROWN, Anthony Gregory",B001304,1961,,-0.342,-0.159,-21.73537,0.956,483,10,,-0.346,-0.098
116,House,21741,52,8,MD,100,,,"RASKIN, Jamie Ben",R000606,1962,,-0.548,-0.204,-6.97838,0.98557,480,1,,-0.466,-0.419
116,House,21978,52,6,MD,100,,,"TRONE, David",T000483,1955,,-0.255,-0.147,-18.14671,0.96228,472,5,,-0.255,-0.147
116,House,29587,52,7,MD,100,,,"CUMMINGS, Elijah Eugene",C000984,1951,,-0.438,-0.148,-14.38346,0.96718,431,7,,-0.385,-0.096
116,House,15616,3,1,MA,100,,,"NEAL, Richard Edmund",N000015,1949,,-0.417,-0.111,-6.97918,0.98538,474,2,,-0.41,-0.163
116,House,20119,3,8,MA,100,,,"LYNCH, Stephen F.",L000562,1955,,-0.35,0.038,-27.05967,0.94519,480,8,,-0.251,-0.057
116,House,21140,3,9,MA,100,,,"KEATING, William R.",K000375,1952,,-0.328,-0.134,-23.01572,0.95241,472,8,,-0.297,-0.076
116,House,21335,3,4,MA,100,,,"KENNEDY, Joseph P. III",K000379,1980,,-0.423,-0.175,-6.4397,0.98665,479,1,,-0.48,-0.359
116,House,21375,3,5,MA,100,,,"CLARK, Katherine M.",C001101,1963,,-0.488,-0.386,-8.61328,0.98199,474,2,,-0.445,-0.319
116,House,21525,3,6,MA,100,,,"MOULTON, Seth",M001196,1978,,-0.286,-0.081,-59.848,0.86418,410,23,,-0.186,0.107
116,House,21955,3,7,MA,100,,,"PRESSLEY, Ayanna",P000617,1974,,-0.285,-0.959,-23.96499,0.9512,479,11,,-0.285,-0.959
116,House,21977,3,3,MA,100,,,"TRAHAN, Lori",T000482,1973,,-0.515,-0.232,-5.91146,0.98784,483,3,,-0.515,-0.232
116,House,29729,3,2,MA,100,,,"McGOVERN, James P.",M000312,1959,,-0.539,-0.297,-6.6899,0.98622,482,1,,-0.468,-0.419
116,House,15446,23,6,MI,200,,,"UPTON, Frederick Stephen",U000031,1953,,0.337,-0.385,-120.26628,0.77837,480,58,,0.247,0.009
116,House,20725,23,7,MI,200,,,"WALBERG, Tim",W000798,1951,,0.52,0.064,-68.30909,0.86786,482,23,,0.469,0.211
116,House,21142,23,2,MI,200,,,"HUIZENGA, Bill",H001058,1969,,0.601,-0.043,-78.04709,0.84759,472,36,,0.522,0.136
116,House,21143,23,3,MI,200,,,"AMASH, Justin",A000367,1980,,0.654,-0.757,-172.05329,0.62734,369,65,,0.919,-0.395
116,House,21372,23,5,MI,100,,,"KILDEE, Dan",K000380,1958,,-0.395,-0.209,-8.65212,0.98225,483,2,,-0.446,-0.245
116,House,21526,23,4,MI,200,,,"MOOLENAAR, John",M001194,1961,,0.4,0.452,-50.2851,0.90113,483,24,,0.41,0.394
116,House,21529,23,12,MI,100,,,"DINGELL, Debbie",D000624,1953,,-0.409,-0.127,-13.80241,0.97088,467,5,,-0.37,-0.442
116,House,21530,23,14,MI,100,,,"LAWRENCE, Brenda L",L000581,1954,,-0.445,-0.04,-7.54643,0.98366,458,2,,-0.493,-0.17
116,House,21704,23,1,MI,200,,,"BERGMAN, John",B001301,1947,,0.432,0.05,-89.58719,0.82745,473,42,,0.434,0.075
116,House,21737,23,10,MI,200,,,"MITCHELL, Paul",M001201,1961,,0.434,0.326,-68.71708,0.86739,483,26,,0.44,0.285
116,House,21940,23,9,MI,100,,,"LEVIN, Andy",L000592,1960,,-0.438,-0.525,-5.98562,0.98763,481,1,,-0.438,-0.525
116,House,21965,23,8,MI,100,,,"SLOTKIN, Elissa",S001208,1976,,-0.321,0.803,-68.30043,0.86788,482,26,,-0.321,0.804
116,House,21972,23,11,MI,100,,,"STEVENS, Haley",S001215,1983,,-0.323,0.411,-27.06057,0.9454,482,10,,-0.323,0.411
116,House,21975,23,13,MI,100,,,"TLAIB, Rashida",T000481,1976,,-0.315,-0.949,-22.91259,0.95329,479,10,,-0.334,-0.943
116,House,91143,23,3,MI,328,,,"AMASH, Justin",A000367,1980,,0.27,-0.963,-74.03402,0.50384,108,35,,0.276,-0.961
116,House,20122,33,4,MN,100,,,"McCOLLUM, Betty",M001143,1954,,-0.418,-0.191,-20.64443,0.95816,483,6,,-0.495,-0.069
116,House,21531,33,6,MN,200,,,"EMMER, Thomas Earl II",E000294,1961,,0.459,-0.047,-78.32512,0.83625,438,33,,0.507,0.119
116,House,21910,33,2,MN,100,,,"CRAIG, Angela",C001119,1972,,-0.298,0.699,-55.75973,0.89097,483,18,,-0.298,0.7
116,House,21929,33,1,MN,200,,,"HAGEDORN, Jim",H001088,1962,,0.439,0.495,-54.27969,0.89308,480,26,,0.439,0.495
116,House,21950,33,5,MN,100,,,"OMAR, Ilhan",O000173,1981,,-0.299,-0.954,-29.63804,0.93825,465,12,,-0.312,-0.95
116,House,21953,33,3,MN,100,,,"PHILLIPS, Dean",P000616,1969,,-0.234,-0.051,-30.10865,0.93957,483,8,,-0.234,-0.051
116,House,21969,33,8,MN,200,,,"STAUBER, Peter",S001212,1966,,0.285,0.211,-85.39519,0.83702,480,37,,0.286,0.209
116,House,29127,33,7,MN,100,,,"PETERSON, Collin Clark",P000258,1944,,-0.148,0.712,-140.62325,0.74421,476,65,,-0.181,0.829
116,House,21148,46,4,MS,200,,,"PALAZZO, Steven",P000601,1970,,0.521,0.551,-64.70627,0.87087,468,33,,0.625,0.617
116,House,21561,46,1,MS,200,,,"KELLY, Trent",K000388,1966,,0.626,0.252,-58.45134,0.88535,480,24,,0.68,0.271
116,House,21927,46,3,MS,200,,,"GUEST, Michael",G000591,1970,,0.459,0.3,-63.85212,0.87422,475,23,,0.459,0.3
116,House,29368,46,2,MS,100,,,"THOMPSON, Bennie",T000193,1948,,-0.516,0.399,-16.69669,0.96503,469,6,,-0.457,0.037
116,House,20124,34,6,MO,200,,,"GRAVES, Samuel",G000546,1963,,0.442,0.167,-88.45718,0.82609,463,38,,0.544,0.343
116,House,20147,34,1,MO,100,,,"CLAY, William Lacy, Jr.",C001049,1956,,-0.48,-0.079,-10.60199,0.97755,467,4,,-0.6,0.029
116,House,20517,34,5,MO,100,,,"CLEAVER, Emanuel, II",C001061,1944,,-0.453,0.018,-23.06513,0.95201,469,10,,-0.436,0.118
116,House,20926,34,3,MO,200,,,"LUETKEMEYER, Blaine",L000569,1952,,0.439,0.251,-73.35587,0.85828,480,35,,0.38,0.436
116,House,21149,34,4,MO,200,,,"HARTZLER, Vicky",H001053,1960,,0.47,0.335,-80.88215,0.84066,466,29,,0.388,0.361
116,House,21150,34,7,MO,200,,,"LONG, Billy",L000576,1955,,0.542,0.244,-87.29065,0.8318,474,35,,0.527,0.038
116,House,21337,34,2,MO,200,,,"WAGNER, Ann",W000812,1962,,0.458,0.146,-91.31323,0.82342,470,42,,0.428,0.061
116,House,21373,34,8,MO,200,,,"SMITH, Jason",S001195,1980,,0.591,0.219,-65.65479,0.8729,483,32,,0.546,0.371
116,House,21751,64,1,MT,200,,,"GIANFORTE, Greg",G000584,1961,,0.421,0.099,-54.58715,0.87448,407,23,,0.415,0.15
116,House,20518,35,1,NE,200,,,"FORTENBERRY, Jeff",F000449,1960,,0.302,-0.058,-102.65595,0.80601,476,44,,0.32,-0.025
116,House,20729,35,3,NE,200,,,"SMITH, Adrian",S001172,1970,,0.515,0.184,-74.07207,0.857,480,34,,0.563,0.226
116,House,21701,35,2,NE,200,,,"BACON, Donald J.",B001298,1963,,0.422,-0.136,-124.84429,0.77223,483,70,,0.421,-0.21
116,House,20927,65,1,NV,100,,,"TITUS, Alice (Dina)",T000468,1950,,-0.302,-0.217,-13.39741,0.97142,462,6,,-0.45,-0.433
116,House,21196,65,2,NV,200,,,"AMODEI, Mark E.",A000369,1958,,0.381,0.193,-89.33961,0.82722,471,44,,0.395,0.224
116,House,21339,65,4,NV,100,,,"HORSFORD, Steven",H001066,1973,,-0.351,0.089,-37.80453,0.92456,482,17,,-0.494,0.537
116,House,21938,65,3,NV,100,,,"LEE, Susie",L000590,1966,,-0.287,0.357,-32.84268,0.93413,482,13,,-0.287,0.357
116,House,21340,4,2,NH,100,,,"KUSTER, Ann McLane",K000382,1956,,-0.254,-0.135,-17.61409,0.96352,474,5,,-0.361,0.045
116,House,21951,4,1,NH,100,,,"PAPPAS, Chris",P000614,1980,,-0.421,0.325,-22.11354,0.95525,483,12,,-0.421,0.325
116,House,14863,12,4,NJ,200,,,"SMITH, Christopher Henry",S000522,1953,,0.164,-0.168,-141.30691,0.73152,452,68,,0.227,-0.17
116,House,15454,12,6,NJ,100,,,"PALLONE, Frank, Jr.",P000034,1951,,-0.404,-0.161,-6.68461,0.98626,483,1,,-0.477,-0.365
116,House,20542,12,8,NJ,100,,,"SIRES, Albio",S001165,1951,,-0.405,0.094,-10.40599,0.97829,474,4,,-0.425,0.113
116,House,21536,12,1,NJ,100,,,"NORCROSS, Donald",N000188,1958,,-0.427,0.333,-20.60008,0.95791,479,5,,-0.454,0.024
116,House,21538,12,12,NJ,100,,,"WATSON COLEMAN, Bonnie",W000822,1945,,-0.623,-0.121,-39.25913,0.92131,479,14,,-0.391,0.012
116,House,21723,12,5,NJ,100,,,"GOTTHEIMER, Josh S.",G000583,1975,,-0.135,0.19,-67.35844,0.86932,481,36,,-0.15,0.444
116,House,21937,12,3,NJ,100,,,"KIM, Andy",K000394,1982,,-0.272,0.459,-34.16285,0.93171,483,16,,-0.272,0.459
116,House,21942,12,7,NJ,100,,,"MALINOWSKI, Tomaz",M001203,1965,,-0.249,0.014,-24.94458,0.94956,482,9,,-0.249,0.014
116,House,21964,12,11,NJ,100,,,"SHERRILL, Mikie",S001207,1972,,-0.178,0.272,-43.06154,0.91437,481,18,,-0.178,0.272
116,House,21980,12,2,NJ,100,,,"VAN DREW, Jefferson",V000133,1953,,-0.152,0.613,-63.84779,0.87398,474,25,,-0.152,0.614
116,House,29741,12,9,NJ,100,,,"PASCRELL, William J., Jr.",P000096,1937,,-0.367,-0.003,-9.30994,0.98075,479,3,,-0.436,-0.058
116,House,31103,12,10,NJ,100,,,"PAYNE, Donald, Jr.",P000604,1958,,-0.514,-0.112,-20.99017,0.95331,439,6,,-0.375,-0.469
116,House,20932,66,3,NM,100,,,"LUJÁN, Ben Ray",L000570,1972,,-0.367,0.018,-15.77676,0.96767,480,8,,-0.297,-0.243
116,House,21928,66,1,NM,100,,,"HAALAND, Debra",H001080,1960,,-0.288,-0.333,-13.00417,0.97338,482,3,,-0.288,-0.333
116,House,21976,66,2,NM,100,,,"TORRES SMALL, Xochitl",T000484,1984,,-0.148,0.241,-60.71517,0.88118,480,24,,-0.148,0.241
116,House,15603,13,16,NY,100,,,"ENGEL, Eliot Lance",E000179,1947,,-0.408,-0.091,-9.37842,0.98057,478,2,,-0.569,-0.227
116,House,15612,13,17,NY,100,,,"LOWEY, Nita M.",L000480,1937,,-0.389,-0.156,-9.45562,0.98033,476,3,,-0.432,-0.019
116,House,20519,13,26,NY,100,,,"HIGGINS, Brian",H001038,1959,,-0.346,-0.033,-13.85515,0.97131,476,7,,-0.342,-0.172
116,House,20733,13,9,NY,100,,,"CLARKE, Yvette Diane",C001067,1964,,-0.615,-0.199,-12.36343,0.97468,482,4,,-0.477,-0.557
116,House,20934,13,20,NY,100,,,"TONKO, Paul",T000469,1949,,-0.421,-0.258,-8.77882,0.98146,469,4,,-0.36,-0.338
116,House,21101,13,23,NY,200,,,"REED, Thomas W. II",R000585,1971,,0.282,0.108,-98.49022,0.81131,471,41,,0.228,0.225
116,House,21342,13,6,NY,100,,,"MENG, Grace",M001188,1975,,-0.379,-0.147,-31.90766,0.93516,476,14,,-0.384,0.102
116,House,21343,13,8,NY,100,,,"JEFFRIES, Hakeem",J000294,1970,,-0.485,-0.092,-11.5743,0.97573,471,3,,-0.372,-0.254
116,House,21344,13,18,NY,100,,,"MALONEY, Sean Patrick",M001185,1966,,-0.236,0.117,-33.10855,0.93308,478,17,,-0.284,0.337
116,House,21345,13,27,NY,200,,,"COLLINS, Chris",C001092,1950,,0.357,0.236,-61.83374,0.87498,463,22,,0.328,0.316
116,House,21539,13,1,NY,200,,,"ZELDIN, Lee M",Z000017,1980,,0.386,-0.138,-128.09548,0.76662,482,53,,0.429,-0.21
116,House,21540,13,4,NY,100,,,"RICE, Kathleen Maura",R000602,1965,,-0.283,0.02,-47.73583,0.90283,467,22,,-0.231,0.207
116,House,21541,13,21,NY,200,,,"STEFANIK, Elise M",S001196,1984,,0.22,-0.001,-100.71604,0.81108,481,43,,0.227,-0.051
116,House,21542,13,24,NY,200,,,"KATKO, John",K000386,1962,,0.205,-0.009,-84.86643,0.83219,462,32,,0.193,0.001
116,House,21715,13,13,NY,100,,,"ESPAILLAT, Adriano J.",E000297,1954,,-0.612,-0.11,-13.91072,0.97155,482,5,,-0.415,-0.571
116,House,21747,13,3,NY,100,,,"SUOZZI, Thomas",S001201,1962,,-0.208,0.089,-39.6845,0.92065,480,18,,-0.328,0.438
116,House,21761,13,25,NY,100,,,"MORELLE, Joseph D.",M001206,1957,,-0.305,0.083,-19.6177,0.96004,481,5,,-0.28,0.043
116,House,21904,13,22,NY,100,,,"BRINDISI, Anthony",B001308,1978,,-0.154,0.564,-88.91023,0.83091,480,27,,-0.154,0.565
116,House,21916,13,19,NY,100,,,"DELGADO, Antonio",D000630,1977,,-0.178,0.112,-45.44864,0.91019,483,15,,-0.178,0.112
116,House,21949,13,14,NY,100,,,"OCASIO-CORTEZ, Alexandria",O000172,1989,,-0.232,-0.973,-40.38396,0.91963,482,14,,-0.233,-0.973
116,House,21958,13,11,NY,100,,,"ROSE, Max",R000613,1986,,-0.159,0.074,-68.78709,0.86492,474,27,,-0.159,0.074
116,House,29134,13,15,NY,100,,,"SERRANO, José E.",S000248,1943,,-0.491,-0.376,-9.0666,0.98129,480,3,,-0.389,-0.258
116,House,29375,13,2,NY,200,,,"KING, Peter T.",K000210,1944,,0.261,-0.032,-97.53622,0.81507,477,37,,0.271,-0.036
116,House,29377,13,10,NY,100,,,"NADLER, Jerrold Lewis",N000002,1947,,-0.508,-0.508,-9.79395,0.9798,480,3,,-0.442,-0.503
116,House,29378,13,7,NY,100,,,"VELÁZQUEZ, Nydia M.",V000081,1953,,-0.547,-0.336,-7.12577,0.98498,471,1,,-0.453,-0.52
116,House,29379,13,12,NY,100,,,"MALONEY, Carolyn Bosher",M000087,1946,,-0.387,-0.278,-6.84196,0.98591,482,2,,-0.434,-0.412
116,House,29776,13,5,NY,100,,,"MEEKS, Gregory W.",M001137,1953,,-0.413,-0.075,-14.20717,0.96865,446,7,,-0.516,0.064
116,House,15438,47,4,NC,100,,,"PRICE, David Eugene",P000523,1940,,-0.343,-0.031,-12.04341,0.97522,480,5,,-0.398,-0.343
116,House,20340,47,1,NC,100,,,"BUTTERFIELD, George Kenneth, Jr. (G.K.)",B001251,1947,,-0.404,0.18,-13.69581,0.97181,479,5,,-0.476,-0.038
116,House,20521,47,5,NC,200,,,"FOXX, Virginia Ann",F000450,1943,,0.632,0.115,-104.65553,0.80483,482,45,,0.562,-0.061
116,House,20522,47,10,NC,200,,,"McHENRY, Patrick T.",M001156,1975,,0.555,0.07,-134.76052,0.75163,472,52,,0.41,0.012
116,House,21346,47,8,NC,200,,,"HUDSON, Richard",H001067,1971,,0.586,0.102,-91.66449,0.81968,461,43,,0.466,0.12
116,House,21348,47,11,NC,200,,,"MEADOWS, Mark",M001187,1959,,0.602,-0.207,-110.37358,0.78991,468,55,,0.579,-0.231
116,House,21349,47,2,NC,200,,,"HOLDING, George E.B.",H001065,1968,,0.615,0.17,-51.60265,0.89074,446,20,,0.536,0.491
116,House,21543,47,6,NC,200,,,"WALKER, Bradley Mark",W000819,1969,,0.644,0.015,-57.95544,0.87526,435,24,,0.687,0.202
116,House,21544,47,7,NC,200,,,"ROUZER, David",R000603,1972,,0.576,0.199,-71.53377,0.86128,479,32,,0.539,0.272
116,House,21545,47,12,NC,100,,,"ADAMS, Alma",A000370,1946,,-0.469,0.009,-10.44731,0.97802,470,3,,-0.453,-0.185
116,House,21708,47,13,NC,200,,,"BUDD, Theodore Paul",B001305,1971,,0.673,-0.091,-73.3851,0.85823,480,32,,0.664,-0.067
116,House,21986,47,9,NC,200,,,"BISHOP, Dan",B001311,1964,,,,,,,,,0.992,-0.13
116,House,21987,47,3,NC,200,,,"MURPHY, Gregory Francis",M001210,1963,,,,,,,,,0.954,0.3
116,House,29546,47,3,NC,200,,,"JONES, Walter Beaman, Jr.",J000255,1943,,0.244,-0.362,,,,,,,
116,House,21901,36,1,ND,200,,,"ARMSTRONG, Kelly",A000377,1976,,0.427,0.13,-86.16572,0.83151,467,40,,0.427,0.129
116,House,15029,24,9,OH,100,,,"KAPTUR, Marcia Carolyn (Marcy)",K000009,1946,,-0.35,0.109,-17.42415,0.96391,474,5,,-0.388,0.251
116,House,20342,24,10,OH,200,,,"TURNER, Michael R.",T000463,1960,,0.269,0.207,-69.17922,0.86394,473,19,,0.285,0.345
116,House,20343,24,13,OH,100,,,"RYAN, Timothy J.",R000577,1973,,-0.403,0.213,-10.84773,0.96948,350,5,,-0.361,-0.07
116,House,20738,24,4,OH,200,,,"JORDAN, Jim",J000289,1964,,0.719,-0.227,-68.56974,0.86688,480,24,,0.776,-0.232
116,House,20755,24,5,OH,200,,,"LATTA, Robert E.",L000566,1956,,0.519,0.262,-44.16702,0.91244,482,11,,0.511,0.38
116,House,20941,24,11,OH,100,,,"FUDGE, Marcia L.",F000455,1952,,-0.58,0.14,-31.27797,0.93138,440,11,,-0.47,0.392
116,House,21162,24,6,OH,200,,,"JOHNSON, Bill",J000292,1954,,0.432,0.276,-54.6469,0.89045,471,22,,0.438,0.396
116,House,21163,24,15,OH,200,,,"STIVERS, Steve",S001187,1965,,0.296,0.27,-90.02274,0.82261,461,41,,0.284,0.286
116,House,21165,24,7,OH,200,,,"GIBBS, Bob",G000563,1954,,0.474,0.307,-64.92045,0.87225,475,25,,0.519,0.405
116,House,21351,24,2,OH,200,,,"WENSTRUP, Brad",W000815,1958,,0.551,0.164,-75.86009,0.84887,463,30,,0.502,0.18
116,House,21352,24,3,OH,100,,,"BEATTY, Joyce",B001281,1950,,-0.429,0.068,-10.16749,0.97878,474,2,,-0.464,-0.046
116,House,21353,24,14,OH,200,,,"JOYCE, David",J000295,1957,,0.263,0.269,-74.16035,0.85684,480,25,,0.299,0.221
116,House,21564,24,8,OH,200,,,"DAVIDSON, Warren",D000626,1970,,0.713,-0.32,-120.55163,0.77544,474,61,,0.68,-0.374
116,House,21759,24,12,OH,200,,,"BALDERSON, Troy",B001306,1962,,0.453,0.525,-48.12001,0.90499,482,17,,0.456,0.53
116,House,21924,24,16,OH,200,,,"GONZALEZ, Anthony",G000588,1984,,0.271,0.234,-69.77897,0.86444,479,23,,0.271,0.232
116,House,29550,24,1,OH,200,,,"CHABOT, Steve",C000266,1953,,0.575,-0.224,-78.99683,0.84912,483,30,,0.503,0.154
116,House,20344,53,4,OK,200,,,"COLE, Tom",C001053,1949,,0.332,0.363,-71.38892,0.86234,482,27,,0.299,0.421
116,House,21355,53,2,OK,200,,,"MULLIN, Markwayne",M001190,1977,,0.515,0.419,-73.71397,0.84952,452,27,,0.54,0.306
116,House,21760,53,1,OK,200,,,"HERN, Kevin",H001082,1961,,0.689,0.026,-69.60359,0.86423,477,32,,0.702,0.028
116,House,21933,53,5,OK,100,,,"HORN, Kendra",H001083,1976,,-0.199,0.539,-70.44812,0.86376,481,30,,-0.098,0.067
116,House,29393,53,3,OK,200,,,"LUCAS, Frank D.",L000491,1960,,0.362,0.414,-46.96449,0.90027,447,18,,0.32,0.65
116,House,15410,72,4,OR,100,,,"DeFAZIO, Peter Anthony",D000191,1947,,-0.429,0.008,-25.12277,0.9473,464,8,,-0.621,-0.178
116,House,20944,72,5,OR,100,,,"SCHRADER, Kurt",S001180,1951,,-0.191,0.062,-55.46745,0.88868,470,28,,-0.162,0.101
116,House,21198,72,1,OR,100,,,"BONAMICI, Suzanne",B001278,1954,,-0.393,-0.4,-9.25965,0.98097,482,2,,-0.464,-0.454
116,House,29588,72,3,OR,100,,,"BLUMENAUER, Earl",B000574,1948,,-0.427,-0.669,-16.16319,0.96648,474,5,,-0.445,-0.851
116,House,29932,72,2,OR,200,,,"WALDEN, Greg",W000791,1957,,0.334,-0.018,-91.15445,0.82638,478,40,,0.255,0.24
116,House,20946,14,15,PA,200,,,"THOMPSON, Glenn",T000467,1959,,0.308,0.385,-67.64115,0.86881,481,19,,0.305,0.414
116,House,21167,14,16,PA,200,,,"KELLY, Mike",K000376,1948,,0.338,0.486,-92.65995,0.82311,476,47,,0.434,0.245
116,House,21170,14,12,PA,200,,,"MARINO, Thomas A.",M001179,1952,,0.352,0.477,-0.28897,0.98751,23,0,,0,0
116,House,21356,14,10,PA,200,,,"PERRY, Scott",P000605,1962,,0.629,-0.353,-102.95073,0.80514,475,58,,0.577,-0.297
116,House,21358,14,8,PA,100,,,"CARTWRIGHT, Matt",C001090,1961,,-0.371,-0.049,-10.01453,0.97883,468,2,,-0.396,-0.009
116,House,21548,14,2,PA,100,,,"BOYLE, Brendan Francis",B001296,1977,,-0.397,0.145,-20.82633,0.95737,478,8,,-0.384,-0.189
116,House,21566,14,3,PA,100,,,"EVANS, Dwight",E000296,1954,,-0.452,-0.087,-8.92097,0.98166,482,1,,-0.457,-0.227
116,House,21718,14,1,PA,200,,,"FITZPATRICK, Brian K.",F000466,1973,,0.184,-0.202,-104.50943,0.80543,483,42,,0.151,-0.124
116,House,21745,14,11,PA,200,,,"SMUCKER, Lloyd K.",S001199,1964,,0.413,0.307,-50.26721,0.89669,461,24,,0.427,0.272
116,House,21756,14,17,PA,100,,,"LAMB, Conor",L000588,1984,,-0.107,0.107,-68.87067,0.86685,482,30,,-0.13,0.212
116,House,21762,14,5,PA,100,,,"SCANLON, Mary Gay",S001205,1959,,-0.486,-0.041,-11.28352,0.97681,481,4,,-0.586,0.092
116,House,21763,14,7,PA,100,,,"WILD, Susan",W000826,1957,,-0.452,0.773,-44.15122,0.91159,477,15,,-0.429,0.743
116,House,21915,14,4,PA,100,,,"DEAN, Madeleine",D000631,1959,,-0.537,-0.006,-8.55076,0.98234,480,4,,-0.537,-0.006
116,House,21934,14,6,PA,100,,,"HOULAHAN, Christina",H001085,1967,,-0.326,0.61,-30.05043,0.93944,481,9,,-0.326,0.61
116,House,21936,14,13,PA,200,,,"JOYCE, John",J000302,1957,,0.523,0.186,-52.13967,0.89173,455,21,,0.523,0.186
116,House,21945,14,9,PA,200,,,"MEUSER, Dan",M001204,1964,,0.581,0.522,-67.66969,0.86876,481,34,,0.581,0.522
116,House,21956,14,14,PA,200,,,"RESCHENTHALER, Guy",R000610,1983,,0.343,0.408,-63.31197,0.87546,476,23,,0.343,0.407
116,House,21985,14,12,PA,200,,,"KELLER, Fred",K000395,1965,,0.474,0.253,-44.7044,0.85849,293,17,,0.474,0.252
116,House,29561,14,18,PA,100,,,"DOYLE, Michael F.",D000482,1953,,-0.33,0.118,-15.63174,0.96645,458,5,,-0.419,-0.252
116,House,20136,5,2,RI,100,,,"LANGEVIN, James",L000559,1964,,-0.376,0.108,-27.86843,0.94382,482,7,,-0.258,-0.108
116,House,21172,5,1,RI,100,,,"CICILLINE, David N.",C001084,1961,,-0.39,-0.29,-16.7053,0.96573,479,5,,-0.454,-0.435
116,House,20138,48,2,SC,200,,,"WILSON, Addison Graves (Joe)",W000795,1947,,0.538,0.103,-85.94662,0.83157,466,38,,0.483,0.105
116,House,21174,48,3,SC,200,,,"DUNCAN, Jeff",D000615,1966,,0.729,-0.19,-79.8616,0.84702,481,28,,0.704,-0.107
116,House,21359,48,7,SC,200,,,"RICE, Tom",R000597,1957,,0.6,-0.269,-115.1891,0.78058,465,64,,0.633,-0.314
116,House,21753,48,5,SC,200,,,"NORMAN, Ralph",N000190,1953,,0.779,-0.162,-62.16088,0.87685,473,30,,0.816,-0.091
116,House,21913,48,1,SC,100,,,"CUNNINGHAM, Joe",C001122,1982,,-0.113,0.451,-90.18507,0.82773,477,36,,-0.112,0.452
116,House,21974,48,4,SC,200,,,"TIMMONS, William",T000480,1984,,0.594,0.25,-62.59346,0.87822,482,25,,0.594,0.25
116,House,39301,48,6,SC,100,,,"CLYBURN, James Enos",C000537,1940,,-0.464,0.253,-21.01986,0.95002,410,6,,-0.272,-0.241
116,House,21935,37,1,SD,200,,,"JOHNSON, Dustin",J000301,1976,,0.484,0.033,-80.58513,0.84604,482,24,,0.485,0.067
116,House,15019,54,5,TN,100,,,"COOPER, James Hayes Shofner",C000754,1954,,-0.162,-0.033,-69.68007,0.86488,480,18,,-0.258,0.266
116,House,20748,54,9,TN,100,,,"COHEN, Stephen",C001068,1949,,-0.4,-0.354,-20.06441,0.95847,473,7,,-0.376,-0.265
116,House,20947,54,1,TN,200,,,"ROE, David P. (Phil)",R000582,1945,,0.487,0.017,-65.02818,0.8713,472,26,,0.453,0.134
116,House,21178,54,3,TN,200,,,"FLEISCHMANN, Chuck",F000459,1962,,0.454,0.3,-73.80232,0.8583,483,35,,0.391,0.394
116,House,21179,54,4,TN,200,,,"DESJARLAIS, Scott",D000616,1964,,0.578,-0.099,-71.6578,0.85661,463,29,,0.535,0.033
116,House,21731,54,8,TN,200,,,"KUSTOFF, David",K000392,1966,,0.544,0.237,-45.96097,0.90627,467,16,,0.534,0.667
116,House,21905,54,2,TN,200,,,"BURCHETT, Timothy",B001309,1964,,0.719,-0.222,-90.91088,0.82746,480,32,,0.719,-0.223
116,House,21926,54,7,TN,200,,,"GREEN, Mark",G000590,1964,,0.755,0.236,-41.15006,0.90201,399,19,,0.755,0.235
116,House,21959,54,6,TN,200,,,"ROSE, John",R000612,1965,,0.703,0.13,-77.67567,0.85059,480,32,,0.703,0.13
116,House,20355,49,26,TX,200,,,"BURGESS, Michael C.",B001248,1950,,0.577,-0.218,-103.51211,0.80382,474,51,,0.638,-0.13
116,House,20356,49,31,TX,200,,,"CARTER, John R.",C001051,1941,,0.472,0.608,-102.84635,0.80421,472,46,,0.529,0.848
116,House,20527,49,1,TX,200,,,"GOHMERT, Louie",G000552,1953,,0.622,-0.328,-114.6709,0.77417,448,63,,0.702,-0.463
116,House,20529,49,9,TX,100,,,"GREEN, Al",G000553,1947,,-0.438,0.316,-18.06175,0.96307,480,9,,-0.428,0.083
116,House,20530,49,10,TX,200,,,"McCAUL, Michael T.",M001157,1962,,0.44,0.088,-96.42641,0.81766,479,41,,0.346,0.225
116,House,20531,49,11,TX,200,,,"CONAWAY, K. Michael",C001062,1948,,0.591,0.366,-60.1015,0.883,483,28,,0.596,0.577
116,House,20532,49,24,TX,200,,,"MARCHANT, Kenny",M001158,1951,,0.603,0.171,-71.52428,0.85571,459,29,,0.62,0.205
116,House,20533,49,28,TX,100,,,"CUELLAR, Henry",C001063,1955,,-0.226,0.623,-82.03407,0.8438,483,44,,-0.288,0.757
116,House,20948,49,22,TX,200,,,"OLSON, Pete",O000168,1962,,0.549,0.312,-65.68631,0.8672,461,25,,0.598,0.35
116,House,21182,49,17,TX,200,,,"FLORES, Bill",F000461,1954,,0.57,0.3,-72.00695,0.86016,478,28,,0.485,0.3
116,House,21360,49,14,TX,200,,,"WEBER, Randy",W000814,1953,,0.7,0.052,-78.01561,0.84645,468,34,,0.703,0.018
116,House,21362,49,20,TX,100,,,"CASTRO, Joaquin",C001091,1974,,-0.397,-0.013,-18.95461,0.95963,460,6,,-0.607,-0.31
116,House,21364,49,25,TX,200,,,"WILLIAMS, Roger",W000816,1949,,0.59,0.094,-80.29229,0.84508,477,33,,0.568,0.044
116,House,21365,49,33,TX,100,,,"VEASEY, Marc",V000131,1971,,-0.402,0.286,-25.04048,0.94927,481,7,,-0.285,-0.001
116,House,21366,49,34,TX,100,,,"VELA, Filemon",V000132,1963,,-0.313,0.42,-70.02532,0.86452,481,27,,-0.642,0.767
116,House,21549,49,4,TX,200,,,"RATCLIFFE, John",R000601,1965,,0.704,0.13,-55.90671,0.87939,435,23,,0.668,0.171
116,House,21550,49,23,TX,200,,,"HURD, William Ballard",H001073,1977,,0.296,0.225,-128.02175,0.76244,472,53,,0.194,0.334
116,House,21551,49,36,TX,200,,,"BABIN, Brian",B001291,1948,,0.685,0.165,-79.31958,0.84471,470,34,,0.68,0.261
116,House,21700,49,19,TX,200,,,"ARRINGTON, Jodey Cook",A000375,1972,,0.626,-0.047,-99.36596,0.81088,474,55,,0.653,-0.146
116,House,21722,49,15,TX,100,,,"GONZALEZ, Vicente Jr.",G000581,1967,,-0.379,0.674,-64.64952,0.86889,460,28,,-0.528,0.849
116,House,21758,49,27,TX,200,,,"CLOUD, Michael",C001115,1975,,0.639,-0.239,-106.96937,0.79874,476,45,,0.64,-0.27
116,House,21900,49,32,TX,100,,,"ALLRED, Colin",A000376,1983,,-0.421,0.599,-30.29699,0.93757,470,12,,-0.421,0.599
116,House,21911,49,2,TX,200,,,"CRENSHAW, Daniel",C001120,1984,,0.383,0.358,-61.86744,0.87764,474,25,,0.383,0.358
116,House,21917,49,16,TX,100,,,"ESCOBAR, Veronica",E000299,1969,,-0.487,-0.399,-7.42766,0.98455,477,2,,-0.487,-0.399
116,House,21919,49,7,TX,100,,,"FLETCHER, Elizabeth",F000468,1975,,-0.411,0.83,-54.87623,0.89218,481,26,,-0.411,0.83
116,House,21922,49,29,TX,100,,,"GARCIA, Sylvia",G000587,1950,,-0.78,0.567,-41.01805,0.91858,483,12,,-0.78,0.567
116,House,21925,49,5,TX,200,,,"GOODEN, Lance",G000589,1982,,0.729,0.159,-52.11209,0.89772,483,22,,0.729,0.159
116,House,21961,49,21,TX,200,,,"ROY, Charles",R000614,1972,,0.8,-0.6,-92.57897,0.82291,475,34,,1,-0.03
116,House,21973,49,3,TX,200,,,"TAYLOR, Nicholas",T000479,1972,,0.542,-0.152,-104.37733,0.80493,481,53,,0.542,-0.153
116,House,21984,49,6,TX,200,,,"WRIGHT, Ron",W000827,1953,,0.753,0.031,-41.49328,0.89552,376,16,,0.753,0.03
116,House,29571,49,35,TX,100,,,"DOGGETT, Lloyd Alton, II",D000399,1946,,-0.403,-0.311,-14.07807,0.97011,464,4,,-0.633,-0.18
116,House,29572,49,13,TX,200,,,"THORNBERRY, William McClellan (Mac)",T000238,1958,,0.525,0.306,-85.60679,0.83185,465,40,,0.497,0.212
116,House,29573,49,18,TX,100,,,"JACKSON LEE, Sheila",J000032,1950,,-0.46,0.129,-14.7335,0.96933,473,7,,-0.601,-0.252
116,House,29760,49,8,TX,200,,,"BRADY, Kevin Patrick",B000755,1955,,0.522,0.215,-80.77228,0.83832,458,36,,0.568,0.174
116,House,29762,49,12,TX,200,,,"GRANGER, Kay",G000377,1943,,0.396,0.239,-78.31778,0.84314,459,35,,0.434,0.397
116,House,39305,49,30,TX,100,,,"JOHNSON, Eddie Bernice",J000126,1935,,-0.485,0.205,-17.96332,0.96319,479,7,,-0.376,0.024
116,House,20357,67,1,UT,200,,,"BISHOP, Robert (Rob)",B001250,1951,,0.536,0.099,-108.998,0.78821,458,53,,0.577,-0.073
116,House,21367,67,2,UT,200,,,"STEWART, Chris",S001192,1960,,0.529,0.147,-64.47608,0.87357,477,31,,0.541,0.343
116,House,21755,67,3,UT,200,,,"CURTIS, John R.",C001114,1960,,0.55,0.006,-65.1232,0.86213,439,33,,0.549,0.024
116,House,21943,67,4,UT,100,,,"McADAMS, Ben",M001209,1974,,-0.083,0.252,-99.93248,0.81275,482,41,,-0.083,0.253
116,House,20750,6,1,VT,100,,,"WELCH, Peter",W000800,1947,,-0.41,-0.347,-13.76138,0.97121,471,5,,-0.65,-0.073
116,House,20756,40,1,VA,200,,,"WITTMAN, Robert J.",W000804,1959,,0.443,-0.023,-99.77969,0.81196,479,44,,0.541,0.186
116,House,20952,40,11,VA,100,,,"CONNOLLY, Gerald E. (Gerry)",C001078,1950,,-0.306,-0.013,-38.37701,0.92285,478,19,,-0.211,-0.115
116,House,21191,40,9,VA,200,,,"GRIFFITH, H. Morgan",G000568,1958,,0.551,-0.442,-125.46833,0.76701,473,55,,0.568,-0.363
116,House,21554,40,8,VA,100,,,"BEYER, Donald Sternoff Jr.",B001292,1950,,-0.387,-0.047,-13.9649,0.97109,476,6,,-0.341,-0.426
116,House,21736,40,4,VA,100,,,"MCEACHIN, Aston Donald",M001200,1961,,-0.382,-0.099,-19.73152,0.95389,418,9,,-0.288,-0.064
116,House,21908,40,6,VA,200,,,"CLINE, Benjamin",C001118,1972,,0.727,-0.225,-85.5898,0.83761,483,38,,0.727,-0.225
116,House,21941,40,2,VA,100,,,"LURIA, Elaine",L000591,1975,,-0.157,0.325,-76.2949,0.85388,483,40,,-0.157,0.325
116,House,21957,40,5,VA,200,,,"RIGGLEMAN, Denver",R000611,1970,,0.476,-0.025,-85.1469,0.83745,480,28,,0.476,-0.026
116,House,21966,40,7,VA,100,,,"SPANBERGER, Abigail",S001209,1979,,-0.194,0.514,-62.76847,0.8779,482,21,,-0.194,0.514
116,House,21983,40,10,VA,100,,,"WEXTON, Jennifer",W000825,1968,,-0.382,0.47,-20.43119,0.95858,483,8,,-0.382,0.47
116,House,39307,40,3,VA,100,,,"SCOTT, Robert C.",S000185,1947,,-0.45,0.014,-28.98725,0.94163,482,12,,-0.274,-0.041
116,House,20145,73,2,WA,100,,,"LARSEN, Richard Ray (Rick)",L000560,1965,,-0.365,0.189,-29.7532,0.9399,480,9,,-0.553,0.239
116,House,20535,73,5,WA,200,,,"McMORRIS RODGERS, Cathy",M001159,1969,,0.425,0.116,-89.9057,0.82756,475,39,,0.404,-0.044
116,House,21187,73,3,WA,200,,,"HERRERA BEUTLER, Jaime",H001056,1978,,0.366,-0.201,-69.2586,0.80262,315,32,,0.28,-0.047
116,House,21368,73,6,WA,100,,,"KILMER, Derek",K000381,1974,,-0.309,-0.014,-25.13658,0.94929,483,13,,-0.405,0.427
116,House,21369,73,10,WA,100,,,"HECK, Denny",H001064,1952,,-0.31,-0.132,-13.32985,0.97278,483,4,,-0.268,-0.311
116,House,21556,73,4,WA,200,,,"NEWHOUSE, Daniel Milton",N000189,1955,,0.35,0.215,-71.65287,0.86186,482,31,,0.327,0.239
116,House,21726,73,7,WA,100,,,"JAYAPAL, Pramila",J000298,1965,,-0.692,-0.211,-10.63778,0.97813,481,4,,-0.523,-0.692
116,House,21962,73,8,WA,100,,,"SCHRIER, Kim",S001216,1968,,-0.338,0.453,-28.75479,0.9422,483,16,,-0.338,0.453
116,House,29768,73,9,WA,100,,,"SMITH, Adam",S000510,1965,,-0.284,-0.16,-10.23124,0.97865,474,4,,-0.335,-0.361
116,House,31101,73,1,WA,100,,,"DelBENE, Suzan K.",D000617,1962,,-0.28,-0.232,-13.74987,0.97193,483,2,,-0.333,-0.254
116,House,21188,56,1,WV,200,,,"McKINLEY, David",M001180,1947,,0.3,0.18,-82.3491,0.84325,483,33,,0.344,0.31
116,House,21557,56,2,WV,200,,,"MOONEY, Alex X.",M001195,1971,,0.577,-0.293,-123.5625,0.77263,479,53,,0.572,-0.281
116,House,21946,56,3,WV,200,,,"MILLER, Carol",M001205,1950,,0.45,0.393,-56.18856,0.88975,481,19,,0.45,0.393
116,House,14657,25,5,WI,200,,,"SENSENBRENNER, Frank James, Jr.",S000244,1943,,0.641,-0.594,-115.00878,0.75066,401,59,,0.579,-0.274
116,House,20537,25,4,WI,100,,,"MOORE, Gwendolynne S. (Gwen)",M001160,1951,,-0.53,-0.251,-16.61105,0.96592,479,7,,-0.557,-0.541
116,House,21189,25,7,WI,200,,,"DUFFY, Sean",D000614,1971,,0.511,-0.109,-100.93909,0.79459,439,46,,0.515,0.012
116,House,21370,25,2,WI,100,,,"POCAN, Mark",P000607,1964,,-0.54,-0.525,-12.62939,0.97365,473,3,,-0.4,-0.795
116,House,21559,25,6,WI,200,,,"GROTHMAN, Glenn",G000576,1955,,0.618,-0.292,-110.85494,0.78789,465,53,,0.623,-0.357
116,House,21720,25,8,WI,200,,,"GALLAGHER, Michael",G000579,1984,,0.443,-0.047,-111.58299,0.79219,479,48,,0.385,-0.02
116,House,21970,25,1,WI,200,,,"STEIL, Bryan",S001213,1981,,0.419,-0.084,-92.5164,0.82568,483,46,,0.419,-0.086
116,House,29769,25,3,WI,100,,,"KIND, Ron",K000188,1963,,-0.262,-0.083,-50.53513,0.89806,470,21,,-0.224,0.121
116,House,21710,68,1,WY,200,,,"CHENEY, Liz",C001109,1966,,0.503,0.599,-83.59745,0.83415,461,42,,0.481,0.876
